<?xml version="1.0" encoding="utf-8" standalone="yes"?>
<CURRENCIES>
  <LAST_UPDATE>2016-08-05</LAST_UPDATE>
  <CURRENCY>
    <NAME>Dollar</NAME>
    <UNIT>1</UNIT>
    <CURRENCYCODE>USD</CURRENCYCODE>
    <COUNTRY>USA</COUNTRY>
    <RATE>3.821</RATE>
    <CHANGE>-0.131</CHANGE>
  </CURRENCY>
  <CURRENCY>
    <NAME>Pound</NAME>
    <UNIT>1</UNIT>
    <CURRENCYCODE>GBP</CURRENCYCODE>
    <COUNTRY>Great Britain</COUNTRY>
    <RATE>5.0177</RATE>
    <CHANGE>-0.417</CHANGE>
  </CURRENCY>
  <CURRENCY>
    <NAME>Yen</NAME>
    <UNIT>100</UNIT>
    <CURRENCYCODE>JPY</CURRENCYCODE>
    <COUNTRY>Japan</COUNTRY>
    <RATE>3.7785</RATE>
    <CHANGE>0.082</CHANGE>
  </CURRENCY>
  <CURRENCY>
    <NAME>Euro</NAME>
    <UNIT>1</UNIT>
    <CURRENCYCODE>EUR</CURRENCYCODE>
    <COUNTRY>EMU</COUNTRY>
    <RATE>4.2551</RATE>
    <CHANGE>-0.068</CHANGE>
  </CURRENCY>
  <CURRENCY>
    <NAME>Dollar</NAME>
    <UNIT>1</UNIT>
    <CURRENCYCODE>AUD</CURRENCYCODE>
    <COUNTRY>Australia</COUNTRY>
    <RATE>2.9246</RATE>
    <CHANGE>0.271</CHANGE>
  </CURRENCY>
  <CURRENCY>
    <NAME>Dollar</NAME>
    <UNIT>1</UNIT>
    <CURRENCYCODE>CAD</CURRENCYCODE>
    <COUNTRY>Canada</COUNTRY>
    <RATE>2.9349</RATE>
    <CHANGE>0.253</CHANGE>
  </CURRENCY>
  <CURRENCY>
    <NAME>krone</NAME>
    <UNIT>1</UNIT>
    <CURRENCYCODE>DKK</CURRENCYCODE>
    <COUNTRY>Denmark</COUNTRY>
    <RATE>0.5722</RATE>
    <CHANGE>-0.035</CHANGE>
  </CURRENCY>
  <CURRENCY>
    <NAME>Krone</NAME>
    <UNIT>1</UNIT>
    <CURRENCYCODE>NOK</CURRENCYCODE>
    <COUNTRY>Norway</COUNTRY>
    <RATE>0.4531</RATE>
    <CHANGE>0.243</CHANGE>
  </CURRENCY>
  <CURRENCY>
    <NAME>Rand</NAME>
    <UNIT>1</UNIT>
    <CURRENCYCODE>ZAR</CURRENCYCODE>
    <COUNTRY>South Africa</COUNTRY>
    <RATE>0.2792</RATE>
    <CHANGE>0.251</CHANGE>
  </CURRENCY>
  <CURRENCY>
    <NAME>Krona</NAME>
    <UNIT>1</UNIT>
    <CURRENCYCODE>SEK</CURRENCYCODE>
    <COUNTRY>Sweden</COUNTRY>
    <RATE>0.4484</RATE>
    <CHANGE>0.246</CHANGE>
  </CURRENCY>
  <CURRENCY>
    <NAME>Franc</NAME>
    <UNIT>1</UNIT>
    <CURRENCYCODE>CHF</CURRENCYCODE>
    <COUNTRY>Switzerland</COUNTRY>
    <RATE>3.9190</RATE>
    <CHANGE>-0.237</CHANGE>
  </CURRENCY>
  <CURRENCY>
    <NAME>Dinar</NAME>
    <UNIT>1</UNIT>
    <CURRENCYCODE>JOD</CURRENCYCODE>
    <COUNTRY>Jordan</COUNTRY>
    <RATE>5.3821</RATE>
    <CHANGE>-0.156</CHANGE>
  </CURRENCY>
  <CURRENCY>
    <NAME>Pound</NAME>
    <UNIT>10</UNIT>
    <CURRENCYCODE>LBP</CURRENCYCODE>
    <COUNTRY>Lebanon</COUNTRY>
    <RATE>0.0253</RATE>
    <CHANGE>-0.394</CHANGE>
  </CURRENCY>
  <CURRENCY>
    <NAME>Pound</NAME>
    <UNIT>1</UNIT>
    <CURRENCYCODE>EGP</CURRENCYCODE>
    <COUNTRY>Egypt</COUNTRY>
    <RATE>0.4303</RATE>
    <CHANGE>-0.139</CHANGE>
  </CURRENCY>
</CURRENCIES>